{
  "split": "val",
  "timestamp": "20260106_194253",
  "overall_accuracy": 0.2958801498127341,
  "country_results": {
    "GB": {
      "accuracy": 0.3484848484848485,
      "correct": 23,
      "total": 66
    },
    "US": {
      "accuracy": 0.39705882352941174,
      "correct": 27,
      "total": 68
    },
    "IR": {
      "accuracy": 0.18461538461538463,
      "correct": 12,
      "total": 65
    },
    "CN": {
      "accuracy": 0.25,
      "correct": 17,
      "total": 68
    }
  },
  "format_results": {
    "MMDD": {
      "accuracy": 0.0,
      "correct": 0,
      "total": 3
    },
    "TEXT": {
      "accuracy": 0.30739299610894943,
      "correct": 79,
      "total": 257
    },
    "HHMM": {
      "accuracy": 0.0,
      "correct": 0,
      "total": 7
    }
  }
}